Workbook

Sheet Read Me
A1: Weather app icon inventory
A3: What this is | B3: 23 candidate icons for the wear / bring / don't sections, mapped to the weather conditions that trigger them.
A5: Icon Inventory | B5: The main filterable list. Use the header dropdowns to filter by Section, Build Priority or Status.
A6: Condition Matrix | B6: Same icons as rows, weather conditions as columns. An X means that condition triggers that icon. This is where reuse becomes visible.
A7: Style Decisions | B7: The choices to settle once, before drawing. Fill in the Chosen column.
A9: Cells to edit | B9: Yellow cells only: Status (Icon Inventory, column I), and Chosen / Status (Style Decisions).
B10: Notes is free text. Reuse Count is a formula reading the matrix, so edit the X marks, not the count.
A12: Status vocabulary | B12: Not started > Sketched > Drafted > Reviewed > Final
A14: Example row | B14: IC-021 | Umbrella | Bring | Object | Rain | 1 | 1 | No | Drafted | Reads well at 20px
A16: Build Priority | B16: 1 = build first (covers most days). 2 = high reuse or hard case, build second. 3 = long tail.
A18: Assumption | B18: Condition list and priority tiers were set in conversation, not from usage data. Re-rank once you have real weather frequencies for your users' regions.

Sheet Icon Inventory
A1: t | B1: Icon Name | C1: Section | D1: Type | E1: Triggering Conditions | F1: Reuse Count | G1: Build Priority | H1: Needs Negation | I1: Status | J1: Notes
A2: IC-001 | B2: Heavy coat | C2: Wear | D2: Object | E2: Cold, Snow/Ice | F2: =COUNTIF('Condition Matrix'!$C2:$L2,"X") -> 2 | G2: 1 | H2: No | I2: Complete
A3: IC-002 | B3: Light jacket | C3: Wear | D3: Object | E3: Cool | F3: =COUNTIF('Condition Matrix'!$C3:$L3,"X") -> 1 | G3: 1 | H3: No | I3: Complete
A4: IC-003 | B4: Sweater / long sleeves | C4: Wear | D4: Object | E4: Cool, Cold, High UV | F4: =COUNTIF('Condition Matrix'!$C4:$L4,"X") -> 3 | G4: 2 | H4: No | I4: Complete | J4: Double duty: warmth and UV coverage. Same glyph, different reason.
A5: IC-004 | B5: T-shirt | C5: Wear | D5: Object | E5: Hot | F5: =COUNTIF('Condition Matrix'!$C5:$L5,"X") -> 1 | G5: 1 | H5: No | I5: Complete
A6: IC-005 | B6: Shorts | C6: Wear | D6: Object | E6: Hot | F6: =COUNTIF('Condition Matrix'!$C6:$L6,"X") -> 1 | G6: 3 | H6: No | I6: Complete
A7: IC-006 | B7: Long pants | C7: Wear | D7: Object | E7: Cold, Cool | F7: =COUNTIF('Condition Matrix'!$C7:$L7,"X") -> 2 | G7: 3 | H7: No | I7: Complete | J7: Merge candidate: rarely changes behaviour on its own.
A8: IC-007 | B8: Beanie | C8: Wear | D8: Object | E8: Cold, Snow/Ice | F8: =COUNTIF('Condition Matrix'!$C8:$L8,"X") -> 2 | G8: 3 | H8: No | I8: Complete | J8: Merge candidate: almost always co-occurs with heavy coat.
A9: IC-008 | B9: Sun hat | C9: Wear | D9: Object | E9: Hot, High UV | F9: =COUNTIF('Condition Matrix'!$C9:$L9,"X") -> 2 | G9: 1 | H9: No | I9: Complete
A10: IC-009 | B10: Gloves | C10: Wear | D10: Object | E10: Cold, Snow/Ice | F10: =COUNTIF('Condition Matrix'!$C10:$L10,"X") -> 2 | G10: 1 | H10: No | I10: Complete
A11: IC-010 | B11: Scarf | C11: Wear | D11: Object | E11: Cold, Wind | F11: =COUNTIF('Condition Matrix'!$C11:$L11,"X") -> 2 | G11: 3 | H11: No | I11: Complete | J11: Merge candidate: co-occurs with coat and beanie.
A12: IC-011 | B12: Insulated boots | C12: Wear | D12: Object | E12: Cold, Snow/Ice | F12: =COUNTIF('Condition Matrix'!$C12:$L12,"X") -> 2 | G12: 1 | H12: No | I12: Complete
A13: IC-012 | B13: Rain shoes | C13: Wear | D13: Object | E13: Rain | F13: =COUNTIF('Condition Matrix'!$C13:$L13,"X") -> 1 | G13: 2 | H13: No | I13: Complete | J13: Consider merging with insulated boots if silhouettes are close.
A14: IC-013 | B14: Closed shoes | C14: Wear | D14: Object | E14: Cool, Cold | F14: =COUNTIF('Condition Matrix'!$C14:$L14,"X") -> 2 | G14: 3 | H14: No | I14: Complete | J14: Merge candidate: low behavioural value vs sandals.
A15: IC-014 | B15: Sandals | C15: Wear | D15: Object | E15: Hot | F15: =COUNTIF('Condition Matrix'!$C15:$L15,"X") -> 1 | G15: 3 | H15: No | I15: Complete | J15: Merge candidate: pairs with closed shoes as one footwear decision.
A16: IC-015 | B16: Sunglasses | C16: Wear | D16: Object | E16: Hot, High UV, Snow/Ice | F16: =COUNTIF('Condition Matrix'!$C16:$L16,"X") -> 3 | G16: 1 | H16: No | I16: Complete | J16: Snow trigger is glare, not temperature.
A17: IC-016 | B17: Rain jacket | C17: Wear | D17: Object | E17: Rain | F17: =COUNTIF('Condition Matrix'!$C17:$L17,"X") -> 1 | G17: 2 | H17: No | I17: Complete
A18: IC-017 | B18: Windbreaker | C18: Wear | D18: Object | E18: Wind | F18: =COUNTIF('Condition Matrix'!$C18:$L18,"X") -> 1 | G18: 2 | H18: No | I18: Complete | J18: Silhouette must read differently from rain jacket at 24px.
A19: IC-018 | B19: Warm socks | C19: Wear | D19: Object | E19: Cold, Snow/Ice | F19: =COUNTIF('Condition Matrix'!$C19:$L19,"X") -> 2 | G19: 3 | H19: No | I19: Complete | J19: Merge candidate: absorbed by insulated boots.
A20: IC-021 | B20: Umbrella | C20: Bring | D20: Object | E20: Rain | F20: =COUNTIF('Condition Matrix'!$C20:$L20,"X") -> 1 | G20: 1 | H20: No | I20: Complete
A21: IC-022 | B21: Water bottle | C21: Bring | D21: Object | E21: Hot | F21: =COUNTIF('Condition Matrix'!$C21:$L21,"X") -> 1 | G21: 1 | H21: No | I21: Complete
A22: IC-023 | B22: Sunscreen | C22: Bring | D22: Object | E22: Hot, High UV | F22: =COUNTIF('Condition Matrix'!$C22:$L22,"X") -> 2 | G22: 1 | H22: No | I22: Complete
A23: IC-024 | B23: Lip balm | C23: Bring | D23: Object | E23: Cold, Wind | F23: =COUNTIF('Condition Matrix'!$C23:$L23,"X") -> 2 | G23: 3 | H23: No | I23: Complete
A24: IC-025 | B24: Extra layer | C24: Bring | D24: Object | E24: Cool | F24: =COUNTIF('Condition Matrix'!$C24:$L24,"X") -> 1 | G24: 2 | H24: No | I24: Complete | J24: Hard case: means 'it will warm up later'. Time-shift is hard to draw.

Sheet Condition Matrix
A1: ID | B1: Icon Name | C1: Cold | D1: Cool | E1: Hot | F1: Rain | G1: Snow/Ice | H1: Wind | I1: High UV | J1: Air Quality | K1: Fog | L1: Pollen | M1: Reuse Count
A2: IC-001 | B2: Heavy coat | C2: X | G2: X | M2: =COUNTIF($C2:$L2,"X") -> 2
A3: IC-002 | B3: Light jacket | D3: X | M3: =COUNTIF($C3:$L3,"X") -> 1
A4: IC-003 | B4: Sweater / long sleeves | C4: X | D4: X | I4: X | M4: =COUNTIF($C4:$L4,"X") -> 3
A5: IC-004 | B5: T-shirt | E5: X | M5: =COUNTIF($C5:$L5,"X") -> 1
A6: IC-005 | B6: Shorts | E6: X | M6: =COUNTIF($C6:$L6,"X") -> 1
A7: IC-006 | B7: Long pants | C7: X | D7: X | M7: =COUNTIF($C7:$L7,"X") -> 2
A8: IC-007 | B8: Beanie | C8: X | G8: X | M8: =COUNTIF($C8:$L8,"X") -> 2
A9: IC-008 | B9: Sun hat | E9: X | I9: X | M9: =COUNTIF($C9:$L9,"X") -> 2
A10: IC-009 | B10: Gloves | C10: X | G10: X | M10: =COUNTIF($C10:$L10,"X") -> 2
A11: IC-010 | B11: Scarf | C11: X | H11: X | M11: =COUNTIF($C11:$L11,"X") -> 2
A12: IC-011 | B12: Insulated boots | C12: X | G12: X | M12: =COUNTIF($C12:$L12,"X") -> 2
A13: IC-012 | B13: Waterproof shoes | F13: X | M13: =COUNTIF($C13:$L13,"X") -> 1
A14: IC-013 | B14: Closed shoes | C14: X | D14: X | M14: =COUNTIF($C14:$L14,"X") -> 2
A15: IC-014 | B15: Sandals | E15: X | M15: =COUNTIF($C15:$L15,"X") -> 1
A16: IC-015 | B16: Sunglasses | E16: X | G16: X | I16: X | M16: =COUNTIF($C16:$L16,"X") -> 3
A17: IC-016 | B17: Rain jacket | F17: X | M17: =COUNTIF($C17:$L17,"X") -> 1
A18: IC-017 | B18: Windbreaker | H18: X | M18: =COUNTIF($C18:$L18,"X") -> 1
A19: IC-018 | B19: Warm socks | C19: X | G19: X | M19: =COUNTIF($C19:$L19,"X") -> 2
A20: IC-021 | B20: Umbrella | F20: X | M20: =COUNTIF($C20:$L20,"X") -> 1
A21: IC-022 | B21: Water bottle | E21: X | M21: =COUNTIF($C21:$L21,"X") -> 1
A22: IC-023 | B22: Sunscreen | E22: X | I22: X | M22: =COUNTIF($C22:$L22,"X") -> 2
A23: IC-024 | B23: Lip balm | C23: X | H23: X | M23: =COUNTIF($C23:$L23,"X") -> 2
A24: IC-025 | B24: Extra layer | D24: X | M24: =COUNTIF($C24:$L24,"X") -> 1
B25: Icons per condition | C25: =COUNTIF(C2:C24,"X") -> 10 | D25: =COUNTIF(D2:D24,"X") -> 5 | E25: =COUNTIF(E2:E24,"X") -> 7 | F25: =COUNTIF(F2:F24,"X") -> 3 | G25: =COUNTIF(G2:G24,"X") -> 6 | H25: =COUNTIF(H2:H24,"X") -> 3 | I25: =COUNTIF(I2:I24,"X") -> 4 | J25: =COUNTIF(J2:J24,"X") -> 0 | ... L25: =COUNTIF(L2:L24,"X") -> 0 | M25: =SUM(C25:L25) -> 38
